{"slot": "2026-07-15 00:40 UTC", "candidates": [{"cx": 1154.0, "cy": 188.0, "radius": 102.0687026977539, "area_frac": 0.007408675385481081, "trail": [{"cx": 1140.5, "cy": 195.0}], "tracked_scans": 2}, {"cx": 518.4786987304688, "cy": 226.1170196533203, "radius": 46.33823013305664, "area_frac": 0.0018652012236015797, "trail": [], "tracked_scans": 1}, {"cx": 1252.5, "cy": 133.0, "radius": 58.483001708984375, "area_frac": 0.002436407544803649, "trail": [{"cx": 1254.3983154296875, "cy": 134.2886505126953}], "tracked_scans": 2}, {"cx": 236.0, "cy": 438.0, "radius": 50.80364227294922, "area_frac": 0.0014463165880533955, "trail": [], "tracked_scans": 1}]}