{"slot": "2026-07-18 08:50 UTC", "candidates": [{"cx": 1463.0, "cy": 673.5, "radius": 47.1302375793457, "area_frac": 0.0017106612609721526, "trail": [{"cx": 1460.290283203125, "cy": 667.6105346679688}, {"cx": 1478.375732421875, "cy": 670.4951171875}, {"cx": 1466.0472412109375, "cy": 671.0}], "tracked_scans": 4}]}