{"slot": "2026-07-18 11:10 UTC", "candidates": [{"cx": 1128.3778076171875, "cy": 434.38739013671875, "radius": 60.37860870361328, "area_frac": 0.0032608671540467656, "trail": [{"cx": 1130.834228515625, "cy": 433.3244323730469}], "tracked_scans": 2}, {"cx": 504.83843994140625, "cy": 24.540390014648438, "radius": 43.654388427734375, "area_frac": 0.0015313505387825061, "trail": [{"cx": 516.0, "cy": 23.0}], "tracked_scans": 2}, {"cx": 247.14581298828125, "cy": 107.10897827148438, "radius": 43.257301330566406, "area_frac": 0.0018027197554571462, "trail": [], "tracked_scans": 1}]}