{"slot": "2026-07-21 14:30 UTC", "candidates": [{"cx": 824.0, "cy": 332.5, "radius": 128.1299285888672, "area_frac": 0.0068611306853514605, "trail": [{"cx": 807.5, "cy": 395.5}, {"cx": 809.0, "cy": 394.0}], "tracked_scans": 3}]}