{"slot": "2026-07-11 09:30 UTC", "candidates": [{"cx": 1282.150634765625, "cy": 346.53814697265625, "radius": 26.612300872802734, "area_frac": 0.0008677160102661858, "trail": [{"cx": 1283.8023681640625, "cy": 347.15875244140625}], "tracked_scans": 2}, {"cx": 677.9539794921875, "cy": 495.74267578125, "radius": 24.524221420288086, "area_frac": 0.0006237055429565639, "trail": [], "tracked_scans": 1}]}