{"slot": "2026-07-18 10:20 UTC", "candidates": [{"cx": 1130.834228515625, "cy": 433.3244323730469, "radius": 55.26272964477539, "area_frac": 0.002644925580504599, "trail": [], "tracked_scans": 1}, {"cx": 516.0, "cy": 23.0, "radius": 59.908363342285156, "area_frac": 0.0017439354156052827, "trail": [], "tracked_scans": 1}, {"cx": 614.1497192382812, "cy": 254.9923858642578, "radius": 29.875825881958008, "area_frac": 0.001268484717180777, "trail": [], "tracked_scans": 1}]}