{"slot": "2026-07-18 12:10 UTC", "candidates": [{"cx": 1127.1202392578125, "cy": 435.7315368652344, "radius": 65.99107360839844, "area_frac": 0.004391079273085424, "trail": [{"cx": 1130.834228515625, "cy": 433.3244323730469}, {"cx": 1128.3778076171875, "cy": 434.38739013671875}], "tracked_scans": 3}, {"cx": 261.0, "cy": 108.5, "radius": 66.83010864257812, "area_frac": 0.0020038435345729557, "trail": [{"cx": 247.14581298828125, "cy": 107.10897827148438}], "tracked_scans": 2}]}