{"slot": "2026-07-16 08:40 UTC", "candidates": [{"cx": 1239.8155517578125, "cy": 486.8992919921875, "radius": 55.775943756103516, "area_frac": 0.002874886960302455, "trail": [{"cx": 1261.21875, "cy": 509.3132019042969}], "tracked_scans": 2}, {"cx": 1445.5, "cy": 735.5, "radius": 36.50352478027344, "area_frac": 0.0017402382873127128, "trail": [{"cx": 1393.5, "cy": 740.0}, {"cx": 1416.62890625, "cy": 723.7158203125}, {"cx": 1428.0, "cy": 740.0}], "tracked_scans": 4}]}