{"slot": "2026-07-11 13:40 UTC", "candidates": [{"cx": 1072.0, "cy": 390.8461608886719, "radius": 43.926876068115234, "area_frac": 0.002546581967922236, "trail": [{"cx": 1078.7935791015625, "cy": 395.63397216796875}], "tracked_scans": 2}, {"cx": 533.2542724609375, "cy": 313.5048828125, "radius": 77.24525451660156, "area_frac": 0.003440547589065669, "trail": [{"cx": 549.5, "cy": 314.5}], "tracked_scans": 2}, {"cx": 1166.5, "cy": 551.5, "radius": 63.643638610839844, "area_frac": 0.002381690046073613, "trail": [{"cx": 1162.5, "cy": 550.5}], "tracked_scans": 2}, {"cx": 206.52040100097656, "cy": 91.92857360839844, "radius": 30.590713500976562, "area_frac": 0.0011102476262587798, "trail": [{"cx": 156.0, "cy": 17.534883499145508}], "tracked_scans": 2}]}