{"slot": "2026-07-11 09:20 UTC", "candidates": [{"cx": 1283.8023681640625, "cy": 347.15875244140625, "trail": [], "tracked_scans": 1}]}