{"slot": "2026-07-20 12:10 UTC", "candidates": [{"cx": 335.5, "cy": 145.5, "radius": 56.679019927978516, "area_frac": 0.0024290132882185092, "trail": [{"cx": 339.0, "cy": 141.0}], "tracked_scans": 2}, {"cx": 809.0, "cy": 340.5, "radius": 41.80022048950195, "area_frac": 0.0014792210298572687, "trail": [], "tracked_scans": 1}]}