{"slot": "2026-07-20 16:00 UTC", "candidates": [{"cx": 787.0, "cy": 462.0, "radius": 97.1288833618164, "area_frac": 0.002781349614500433, "trail": [], "tracked_scans": 1}, {"cx": 523.0, "cy": 521.5, "radius": 58.738929748535156, "area_frac": 0.0020001464062803856, "trail": [{"cx": 520.5540771484375, "cy": 525.3378295898438}], "tracked_scans": 2}]}