{"slot": "2026-07-20 14:20 UTC", "candidates": [{"cx": 334.54864501953125, "cy": 141.77110290527344, "radius": 59.43556213378906, "area_frac": 0.0022153192729079613, "trail": [{"cx": 339.0, "cy": 141.0}, {"cx": 335.5, "cy": 145.5}], "tracked_scans": 3}, {"cx": 520.5540771484375, "cy": 525.3378295898438, "radius": 40.96931076049805, "area_frac": 0.001651876921120289, "trail": [], "tracked_scans": 1}]}