{"slot": "2026-07-11 09:30 UTC", "candidates": [{"cx": 732.5, "cy": 190.5, "radius": 85.25559997558594, "area_frac": 0.007589095246158499, "trail": [], "tracked_scans": 1}, {"cx": 575.93603515625, "cy": 344.68902587890625, "radius": 68.17313385009766, "area_frac": 0.004114164363971928, "trail": [], "tracked_scans": 1}, {"cx": 1226.3194580078125, "cy": 365.5831298828125, "radius": 34.68696212768555, "area_frac": 0.0014230246798102042, "trail": [], "tracked_scans": 1}, {"cx": 1431.5, "cy": 425.5, "radius": 43.77794647216797, "area_frac": 0.001778688421555441, "trail": [], "tracked_scans": 1}]}